CountryName,Continent,CountryCode,CapitalCity,LatitudeofCapital,LongitudeofCapital,GDP-percapita(PPP),Industrialproductiongrowthrate,Electricity-production,Electricity-consumption,Electricity-imports,Electricity-installedgeneratingcapacity,Electricity-fromfossilfuels,Electricity-fromnuclearfuels,Electricity-fromhydroelectricplants,Electricity-fromotherrenewablesources,Crudeoil-production,Crudeoil-exports,Crudeoil-imports,Crudeoil-provedreserves,Refinedpetroleumproducts-production,Refinedpetroleumproducts-consumption,Refinedpetroleumproducts-exports,Refinedpetroleumproducts-imports,Naturalgas-production,Naturalgas-consumption,Naturalgas-exports,Naturalgas-imports,Naturalgas-provedreserves,Carbondioxideemissionsfromconsumptionofenergy,Population,Populationgrowthrate
Afghanistan,Asia,AF,Kabul,34 31 N,69 11 E,2000.00,-1.90,1211000000.00,5526000000.00,4400000000.00,634100.00,45.00,0.00,52.00,4.00,0.00,0.00,0.00,0.00,0.00,35000.00,0.00,34210.00,164200000.00,164200000.00,0.00,0.00,49550000000.00,9067000.00,34940837.00,2.37
Albania,Europe,AL,Tirana,41 19 N,19 49 E,12500.00,6.80,7138000000.00,5110000000.00,1827000000.00,2109000.00,5.00,0.00,95.00,0.00,14000.00,17290.00,0.00,168300000.00,5638.00,29000.00,3250.00,26660.00,50970000.00,50970000.00,0.00,0.00,821200000.00,4500000.00,3057220.00,0.30
Algeria,Africa,DZ,Algiers,36 45 N,3 03 E,15200.00,0.60,66890000000.00,55960000000.00,257000000.00,19270000.00,96.00,0.00,1.00,2.00,1259000.00,756400.00,5340.00,12200000000.00,627900.00,405000.00,578800.00,82930.00,93500000000.00,41280000000.00,53880000000.00,0.00,4504000000000.00,135900000.00,41657488.00,1.63
Andorra,Europe,AD,Andorra la Vella,42 30 N,1 31 E,49900.00,unknown,99480000.00,221600000.00,471300000.00,520000.00,61.00,0.00,23.00,15.00,0.00,0.00,0.00,0.00,0.00,unknown,unknown,unknown,0.00,0.00,0.00,0.00,0.00,unknown,85708.00,-0.01
Angola,Africa,AO,Luanda,8 50 S,13 13 E,6800.00,2.50,10200000000.00,9036000000.00,0.00,2613000.00,34.00,0.00,64.00,2.00,1593000.00,1782000.00,0.00,9523000000.00,53480.00,130000.00,30340.00,111600.00,3115000000.00,821200000.00,3993000000.00,0.00,308100000000.00,20950000.00,30355880.00,3.49
Antigua and Barbuda,North America,AG,Saint John's,17 07 N,61 51 W,26400.00,6.80,331000000.00,307800000.00,0.00,124000.00,97.00,0.00,0.00,3.00,0.00,0.00,0.00,0.00,0.00,5000.00,91.00,5065.00,0.00,0.00,0.00,0.00,0.00,740300.00,95882.00,1.20
Argentina,South America,AR,Buenos Aires,34 35 S,58 40 W,20900.00,2.70,131900000000.00,121000000000.00,9851000000.00,38350000.00,69.00,4.00,24.00,3.00,489000.00,36630.00,16740.00,2162000000.00,669800.00,806000.00,58360.00,121400.00,40920000000.00,49040000000.00,76450000.00,9826000000.00,336600000000.00,203700000.00,44694198.00,0.89
Armenia,Asia,AM,Yerevan,40 10 N,44 30 E,9500.00,5.40,6951000000.00,5291000000.00,275000000.00,4080000.00,58.00,9.00,32.00,0.00,0.00,0.00,0.00,0.00,0.00,8000.00,0.00,7145.00,0.00,2350000000.00,0.00,2350000000.00,0.00,5501000.00,3038217.00,-0.25
Australia,Oceania,AU,Canberra,35 16 S,149 08 E,50400.00,1.40,243000000000.00,229400000000.00,0.00,65560000.00,72.00,0.00,11.00,17.00,284000.00,192500.00,341700.00,1821000000.00,462500.00,1175000.00,64120.00,619600.00,105200000000.00,45250000000.00,67960000000.00,5776000000.00,1989000000000.00,439100000.00,23470145.00,1.01
Austria,Europe,AT,Vienna,48 12 N,16 22 E,50000.00,6.50,60780000000.00,64600000000.00,26370000000.00,24790000.00,25.00,0.00,43.00,31.00,13000.00,0.00,146600.00,41200000.00,186500.00,268000.00,49960.00,135500.00,1274000000.00,9486000000.00,5437000000.00,14020000000.00,6513000000.00,63930000.00,8793370.00,0.42
Azerbaijan,Asia,AZ,Baku,40 23 N,49 52 E,17500.00,-3.80,23570000000.00,20240000000.00,114000000.00,7876000.00,84.00,0.00,14.00,2.00,798000.00,718800.00,0.00,7000000000.00,138900.00,100000.00,46480.00,5576.00,16960000000.00,10340000000.00,8042000000.00,2095000000.00,991100000000.00,35600000.00,10046516.00,0.83
"Bahamas, The",North America,BS,Nassau,25 05 N,77 21 W,32400.00,5.80,1778000000.00,1654000000.00,0.00,577000.00,100.00,0.00,0.00,0.00,0.00,0.00,0.00,0.00,0.00,20040.00,0.00,19150.00,0.00,48020.00,0.00,48020.00,0.00,3089000.00,332634.00,0.79
Bahrain,Asia,BH,Manama,26 14 N,50 34 E,49000.00,0.60,26810000000.00,26110000000.00,276000000.00,3928000.00,100.00,0.00,0.00,0.00,40000.00,0.00,226200.00,124600000.00,274500.00,61000.00,245300.00,14530.00,15890000000.00,15890000000.00,0.00,0.00,92030000000.00,37980000.00,1442659.00,2.19
Bangladesh,Asia,BD,Dhaka,23 43 N,90 24 E,4200.00,10.20,60510000000.00,53650000000.00,0.00,11900000.00,97.00,0.00,2.00,2.00,3000.00,0.00,21860.00,28000000.00,26280.00,106000.00,901.00,81570.00,29530000000.00,29530000000.00,0.00,0.00,185800000000.00,79970000.00,159453001.00,1.02
Barbados,North America,BB,Bridgetown,13 06 N,59 37 W,18600.00,2.40,1010000000.00,990000000.00,0.00,269000.00,93.00,0.00,0.00,7.00,1000.00,674.00,0.00,2534000.00,0.00,11000.00,0.00,10630.00,14160000.00,19820000.00,0.00,5653000.00,141600000.00,1760000.00,293131.00,0.26
Belarus,Europe,BY,Minsk,53 54 N,27 34 E,18900.00,5.60,31580000000.00,31720000000.00,6319000000.00,10040000.00,96.00,0.00,1.00,3.00,31000.00,31730.00,468400.00,198000000.00,477200.00,141000.00,351200.00,14630.00,59460000.00,17700000000.00,0.00,17530000000.00,2832000000.00,56070000.00,9527543.00,-0.24
Belgium,Europe,BE,Brussels,50 50 N,4 20 E,46600.00,0.20,79830000000.00,82160000000.00,14650000000.00,21560000.00,35.00,28.00,1.00,36.00,0.00,0.00,687600.00,0.00,731700.00,648600.00,680800.00,601400.00,0.00,17610000000.00,736200000.00,18090000000.00,0.00,134700000.00,11570762.00,0.67
Belize,North America,BZ,Belmopan,17 15 N,88 46 W,8300.00,-0.60,280000000.00,453000000.00,243000000.00,198000.00,51.00,0.00,27.00,22.00,2000.00,1220.00,0.00,6700000.00,36.00,4000.00,0.00,4161.00,0.00,0.00,0.00,0.00,0.00,556700.00,385854.00,1.80
Benin,Africa,BJ,Porto-Novo,6 29 N,2 37 E,2300.00,3.00,335000000.00,1143000000.00,1088000000.00,321000.00,88.00,0.00,9.00,2.00,0.00,0.00,0.00,8000000.00,0.00,38000.00,1514.00,38040.00,0.00,0.00,0.00,0.00,1133000000.00,5664000.00,11340504.00,2.68
Bhutan,Asia,BT,Thimphu,27 28 N,89 38 E,9000.00,6.30,7883000000.00,2184000000.00,84000000.00,1632000.00,1.00,0.00,99.00,0.00,0.00,0.00,0.00,0.00,0.00,3000.00,0.00,3120.00,0.00,0.00,0.00,0.00,0.00,604900.00,766397.00,1.05
Bolivia,South America,BO,La Paz,16 30 S,68 09 W,7600.00,2.20,8951000000.00,7785000000.00,0.00,2764000.00,76.00,0.00,18.00,7.00,60000.00,1274.00,0.00,211500000.00,65960.00,83000.00,9686.00,20620.00,18690000000.00,3171000000.00,15460000000.00,0.00,295900000000.00,17660000.00,11306341.00,1.48
Bosnia and Herz.,Europe,BA,Sarajevo,43 52 N,18 25 E,12800.00,3.00,16990000000.00,11870000000.00,3084000000.00,4676000.00,49.00,0.00,51.00,1.00,0.00,0.00,18480.00,0.00,0.00,32000.00,4603.00,18280.00,0.00,226500000.00,0.00,226500000.00,0.00,22070000.00,3849891.00,-0.17
Botswana,Africa,BW,Gaborone,24 38 S,25 54 E,17000.00,-4.20,2527000000.00,3636000000.00,1673000000.00,735000.00,100.00,0.00,0.00,0.00,0.00,0.00,0.00,0.00,0.00,21000.00,0.00,21090.00,0.00,0.00,0.00,0.00,0.00,6235000.00,2249104.00,1.52
Brazil,South America,BR,Brasilia,15 47 S,47 55 W,15600.00,0.00,567900000000.00,509100000000.00,41310000000.00,150800000.00,17.00,1.00,64.00,18.00,2587000.00,736600.00,297700.00,12630000000.00,2811000.00,2956000.00,279000.00,490400.00,23960000000.00,34350000000.00,134500000.00,10510000000.00,377400000000.00,513800000.00,208846892.00,0.71
Brunei,Asia,BN,Bandar Seri Begawan,4 53 N,114 56 E,78900.00,1.50,4014000000.00,3771000000.00,0.00,821000.00,100.00,0.00,0.00,0.00,100000.00,127400.00,160.00,1100000000.00,10310.00,18000.00,0.00,6948.00,12740000000.00,3936000000.00,8268000000.00,0.00,260500000000.00,10040000.00,450565.00,1.55
Bulgaria,Europe,BG,Sofia,42 41 N,23 19 E,21800.00,3.60,42290000000.00,32340000000.00,4568000000.00,10750000.00,39.00,20.00,23.00,19.00,1000.00,0.00,133900.00,15000000.00,144300.00,97000.00,92720.00,49260.00,79280000.00,3313000000.00,31150000.00,3256000000.00,5663000000.00,46310000.00,7057504.00,-0.63
Burkina Faso,Africa,BF,Ouagadougou,12 22 N,1 31 W,1900.00,10.40,990000000.00,1551000000.00,630000000.00,342400.00,80.00,0.00,9.00,12.00,0.00,0.00,0.00,0.00,0.00,23000.00,0.00,23580.00,0.00,0.00,0.00,0.00,0.00,3421000.00,19742715.00,2.76
Burundi,Africa,BI,Bujumbura,3 22 S,29 21 E,700.00,-2.00,304000000.00,382700000.00,100000000.00,68000.00,14.00,0.00,73.00,14.00,0.00,0.00,0.00,0.00,0.00,1500.00,0.00,1374.00,0.00,0.00,0.00,0.00,0.00,217000.00,11844520.00,3.23
Cabo Verde,Africa,CV,Praia,14 55 N,23 31 W,7000.00,2.90,395000000.00,367400000.00,0.00,162500.00,79.00,0.00,0.00,21.00,0.00,0.00,0.00,0.00,0.00,5600.00,0.00,5607.00,0.00,0.00,0.00,0.00,0.00,867800.00,568373.00,1.32
Cambodia,Asia,KH,Phnom Penh,11 33 N,104 55 E,4000.00,10.60,5210000000.00,5857000000.00,1583000000.00,1697000.00,35.00,0.00,63.00,2.00,0.00,0.00,0.00,0.00,0.00,45000.00,0.00,43030.00,0.00,0.00,0.00,0.00,0.00,10550000.00,16449519.00,1.48
Cameroon,Africa,CM,Yaounde,3 52 N,11 31 E,3700.00,3.30,8108000000.00,6411000000.00,55000000.00,1558000.00,52.00,0.00,47.00,1.00,69000.00,96370.00,36480.00,200000000.00,39080.00,45000.00,8545.00,14090.00,910400000.00,906100000.00,0.00,0.00,135100000000.00,7672000.00,25640965.00,2.54
Canada,North America,CA,Ottawa,45 25 N,75 42 W,48400.00,4.90,649600000000.00,522200000000.00,2682000000.00,143500000.00,23.00,9.00,56.00,12.00,4264000.00,2818000.00,806700.00,170500000000.00,2009000.00,2445000.00,1115000.00,405700.00,159100000000.00,124400000000.00,83960000000.00,26360000000.00,2056000000000.00,640600000.00,35881659.00,0.72
Central African Rep.,Africa,CF,Bangui,4 22 N,18 35 E,700.00,3.90,171400000.00,159400000.00,0.00,38300.00,50.00,0.00,50.00,1.00,0.00,0.00,0.00,0.00,0.00,2800.00,0.00,2799.00,0.00,0.00,0.00,0.00,0.00,413800.00,5745062.00,2.11
Chad,Africa,TD,N'Djamena,12 06 N,15 02 E,2300.00,-4.00,224300000.00,208600000.00,0.00,48200.00,98.00,0.00,0.00,3.00,132000.00,70440.00,0.00,1500000000.00,0.00,2300.00,0.00,2285.00,0.00,0.00,0.00,0.00,0.00,342200.00,15833116.00,3.23
Chile,South America,CL,Santiago,33 27 S,70 40 W,24600.00,-0.40,76090000000.00,73220000000.00,0.00,24530000.00,59.00,0.00,26.00,15.00,3000.00,0.00,169600.00,150000000.00,216200.00,354500.00,7359.00,166400.00,1218000000.00,5125000000.00,277500000.00,4446000000.00,97970000000.00,88230000.00,17925262.00,0.75
China,Asia,CN,Beijing,39 55 N,116 23 E,18200.00,6.10,5883000000000.00,5564000000000.00,6185000000.00,1653000000.00,62.00,2.00,18.00,18.00,3773000.00,57310.00,6710000.00,25630000000.00,11510000.00,12470000.00,848400.00,1160000.00,145900000000.00,238600000000.00,3370000000.00,97630000000.00,5440000000000.00,11670000000.00,1384688986.00,0.37
Colombia,South America,CO,Bogota,4 36 N,74 05 W,14400.00,-2.20,74920000000.00,68250000000.00,378000000.00,16890000.00,29.00,0.00,69.00,2.00,863000.00,726700.00,0.00,1665000000.00,303600.00,333000.00,56900.00,57170.00,10020000000.00,10080000000.00,0.00,48140000.00,113900000000.00,95590000.00,48168996.00,0.97
Comoros,Africa,KM,Moroni,11 42 S,43 14 E,1600.00,1.00,42000000.00,39060000.00,0.00,27000.00,96.00,0.00,4.00,0.00,0.00,0.00,0.00,0.00,0.00,1300.00,0.00,1241.00,0.00,0.00,0.00,0.00,0.00,193600.00,821164.00,1.57
Dem.  Rep.  Congo,Africa,CD,Kinshasa,4 19 S,15 18 E,800.00,1.60,9046000000.00,7430000000.00,20000000.00,2587000.00,2.00,0.00,98.00,0.00,17000.00,20000.00,0.00,180000000.00,0.00,21000.00,0.00,21140.00,0.00,0.00,0.00,0.00,991100000.00,3146000.00,85281024.00,2.33
Congo,Africa,CG,Brazzaville,4 15 S,15 17 E,6800.00,-3.00,1696000000.00,912000000.00,18000000.00,591500.00,64.00,0.00,36.00,0.00,340000.00,254100.00,0.00,1600000000.00,15760.00,17000.00,5766.00,7162.00,1387000000.00,1387000000.00,0.00,0.00,90610000000.00,5239000.00,5062021.00,2.17
Costa Rica,North America,CR,San Jose,9 56 N,84 05 W,16900.00,1.30,10790000000.00,9812000000.00,807000000.00,3584000.00,18.00,0.00,64.00,18.00,0.00,0.00,0.00,0.00,0.00,53000.00,0.00,51320.00,0.00,0.00,0.00,0.00,0.00,7653000.00,4987142.00,1.13
Cote d'Ivoire,Africa,CI,Yamoussoukro,6 49 N,5 16 W,3900.00,4.20,9730000000.00,6245000000.00,19000000.00,1914000.00,60.00,0.00,40.00,0.00,52000.00,26700.00,62350.00,100000000.00,69360.00,51000.00,31450.00,7405.00,2322000000.00,2322000000.00,0.00,0.00,28320000000.00,11540000.00,26260582.00,2.30
Croatia,Europe,HR,Zagreb,45 48 N,16 00 E,24700.00,1.20,12200000000.00,15930000000.00,8702000000.00,4921000.00,45.00,0.00,40.00,16.00,14000.00,0.00,55400.00,71000000.00,74620.00,73000.00,40530.00,35530.00,1048000000.00,2577000000.00,172700000.00,1841000000.00,24920000000.00,17960000.00,4270480.00,-0.51
Cuba,North America,CU,Havana,23 07 N,82 21 W,12300.00,-1.20,19280000000.00,16160000000.00,0.00,6998000.00,91.00,0.00,1.00,8.00,50000.00,0.00,112400.00,124000000.00,104100.00,175000.00,24190.00,52750.00,1189000000.00,1189000000.00,0.00,0.00,70790000000.00,26940000.00,11116396.00,-0.27
Cyprus,Asia,CY,Nicosia,35 10 N,33 22 E,37200.00,13.40,4618000000.00,4355000000.00,0.00,1770000.00,85.00,0.00,0.00,15.00,0.00,0.00,0.00,0.00,0.00,49000.00,500.00,49240.00,0.00,0.00,0.00,0.00,141600000000.00,7720000.00,1237088.00,1.27
Denmark,Europe,DK,Copenhagen,55 40 N,12 35 E,50100.00,2.50,29840000000.00,33020000000.00,14980000000.00,14340000.00,46.00,0.00,0.00,54.00,115000.00,82980.00,98240.00,439000000.00,183900.00,158500.00,133700.00,109700.00,4842000000.00,3115000000.00,2237000000.00,509700000.00,12860000000.00,37450000.00,5809502.00,0.59
Djibouti,Africa,DJ,Djibouti,11 35 N,43 09 E,3600.00,2.70,405500000.00,377100000.00,0.00,130300.00,100.00,0.00,0.00,0.00,0.00,0.00,0.00,0.00,0.00,6360.00,403.00,6692.00,0.00,0.00,0.00,0.00,0.00,950200.00,884017.00,2.13
Dominica,North America,DM,Roseau,15 18 N,61 24 W,11000.00,-13.00,111400000.00,103600000.00,0.00,27800.00,72.00,0.00,25.00,3.00,0.00,0.00,0.00,0.00,0.00,1300.00,0.00,1237.00,0.00,0.00,0.00,0.00,0.00,199600.00,74027.00,0.17
Dominican Rep.,North America,DO,Santo Domingo,18 28 N,69 54 W,17000.00,3.10,18030000000.00,15640000000.00,0.00,3839000.00,77.00,0.00,16.00,7.00,0.00,0.00,16980.00,0.00,16060.00,134000.00,0.00,108500.00,0.00,1161000000.00,0.00,1161000000.00,0.00,23790000.00,10298756.00,0.99
Ecuador,South America,EC,Quito,0 13 S,78 30 W,11500.00,-0.60,26500000000.00,22680000000.00,82000000.00,8192000.00,43.00,0.00,54.00,2.00,517000.00,383500.00,0.00,8273000000.00,137400.00,265000.00,25870.00,153900.00,477800000.00,453100000.00,0.00,0.00,10900000000.00,37540000.00,16498502.00,1.25
Egypt,Africa,EG,Cairo,30 03 N,31 15 E,12700.00,3.50,183500000000.00,159700000000.00,54000000.00,45120000.00,91.00,0.00,6.00,2.00,639000.00,246500.00,64760.00,4400000000.00,547500.00,878000.00,47360.00,280200.00,50860000000.00,57710000000.00,212400000.00,7079000000.00,2186000000000.00,232700000.00,99413317.00,2.38
El Salvador,South America,SV,San Salvador,13 42 N,89 12 W,8000.00,3.60,5830000000.00,5928000000.00,1066000000.00,1983000.00,49.00,0.00,23.00,29.00,0.00,0.00,0.00,0.00,0.00,52000.00,347.00,49280.00,0.00,0.00,0.00,0.00,0.00,7331000.00,6187271.00,0.25
Eq. Guinea,Africa,GQ,Malabo,3 45 N,8 47 E,37400.00,-6.90,500000000.00,465000000.00,0.00,331000.00,61.00,0.00,38.00,2.00,172000.00,308700.00,0.00,1100000000.00,0.00,5200.00,0.00,5094.00,6069000000.00,1189000000.00,4878000000.00,0.00,36810000000.00,3062000.00,797457.00,2.41
Eritrea,Africa,ER,Asmara,15 20 N,38 56 E,1600.00,5.40,415900000.00,353900000.00,0.00,160700.00,99.00,0.00,0.00,1.00,0.00,0.00,0.00,0.00,0.00,4000.00,0.00,3897.00,0.00,0.00,0.00,0.00,0.00,597100.00,5970646.00,0.89
Estonia,Europe,EE,Tallinn,59 26 N,24 43 E,31700.00,9.50,11550000000.00,8795000000.00,3577000000.00,2578000.00,72.00,0.00,0.00,28.00,0.00,0.00,0.00,0.00,0.00,28300.00,27150.00,35520.00,0.00,481400000.00,0.00,481400000.00,0.00,5306000.00,1244288.00,-0.60
Ethiopia,Africa,ET,Addis Ababa,9 02 N,38 42 E,2200.00,10.50,11150000000.00,9062000000.00,0.00,2784000.00,3.00,0.00,86.00,11.00,0.00,0.00,0.00,428000.00,0.00,74000.00,0.00,69970.00,0.00,0.00,0.00,0.00,24920000000.00,12180000.00,108386391.00,2.83
Fiji,Oceania,FJ,Suva,18 08 S,178 25 E,9800.00,2.80,914000000.00,850000000.00,0.00,338000.00,34.00,0.00,38.00,27.00,0.00,0.00,0.00,0.00,0.00,16000.00,0.00,17460.00,0.00,0.00,0.00,0.00,0.00,2369000.00,926276.00,0.56
Finland,Europe,FI,Helsinki,60 10 N,24 56 E,44500.00,6.20,66540000000.00,82790000000.00,22110000000.00,16270000.00,41.00,17.00,20.00,23.00,0.00,0.00,236700.00,0.00,310600.00,217100.00,166200.00,122200.00,0.00,2350000000.00,4000000.00,2322000000.00,unknown,46010000.00,5537364.00,0.33
France,Europe,FR,Paris,48 52 N,2 20 E,44100.00,2.00,529100000000.00,450800000000.00,19900000000.00,130800000.00,17.00,50.00,15.00,19.00,16000.00,0.00,1147000.00,65970000.00,1311000.00,1705000.00,440600.00,886800.00,16990000.00,41880000000.00,6031000000.00,48590000000.00,8410000000.00,341200000.00,67364357.00,0.37
Gabon,Africa,GA,Libreville,0 23 N,9 27 E,18100.00,1.80,2244000000.00,2071000000.00,344000000.00,671000.00,51.00,0.00,49.00,0.00,196000.00,214200.00,0.00,2000000000.00,16580.00,24000.00,4662.00,10680.00,401000000.00,401000000.00,0.00,0.00,28320000000.00,4293000.00,2119036.00,2.73
"Gambia, The",Africa,GM,Banjul,13 27 N,16 34 W,2600.00,-0.80,304100000.00,282800000.00,0.00,117000.00,97.00,0.00,0.00,3.00,0.00,0.00,0.00,0.00,0.00,3800.00,42.00,3738.00,0.00,0.00,0.00,0.00,0.00,607300.00,2092731.00,1.99
Georgia,Asia,GE,Tbilisi,41 41 N,44 50 E,10700.00,6.70,13240000000.00,12370000000.00,1329000000.00,4641000.00,35.00,0.00,65.00,0.00,400.00,3006.00,2660.00,35000000.00,247.00,27000.00,2052.00,28490.00,7363000.00,2294000000.00,0.00,2294000000.00,8495000000.00,9912000.00,4003000.00,0.01
Germany,Europe,DE,Berlin,52 31 N,13 24 E,50800.00,3.30,612800000000.00,536500000000.00,28340000000.00,208500000.00,41.00,5.00,2.00,52.00,41000.00,6569.00,1836000.00,129600000.00,2158000.00,2460000.00,494000.00,883800.00,7900000000.00,93360000000.00,34610000000.00,119500000000.00,39500000000.00,847600000.00,80457737.00,-0.17
Ghana,Africa,GH,Accra,5 33 N,0 13 W,4700.00,16.70,12520000000.00,9363000000.00,511000000.00,3801000.00,58.00,0.00,42.00,1.00,173000.00,104000.00,6220.00,660000000.00,2073.00,90000.00,2654.00,85110.00,914400000.00,1232000000.00,0.00,317400000.00,22650000000.00,13670000.00,28102471.00,2.16
Greece,Europe,GR,Athens,37 59 N,23 44 E,27800.00,3.50,52050000000.00,56890000000.00,9833000000.00,19170000.00,57.00,0.00,14.00,29.00,4100.00,3229.00,484300.00,10000000.00,655400.00,304100.00,371900.00,192200.00,8000000.00,4927000000.00,0.00,4984000000.00,991100000.00,69370000.00,10761523.00,-0.07
Greenland,Europe,GL,Nuuk,64 11 N,51 45 W,41800.00,unknown,538000000.00,468000000.00,0.00,187000.00,51.00,0.00,49.00,0.00,0.00,0.00,0.00,0.00,0.00,4000.00,0.00,3973.00,0.00,0.00,0.00,0.00,0.00,613800.00,57691.00,-0.04
Grenada,North America,GD,Saint George's,12 03 N,61 45 W,15100.00,10.00,202100000.00,185100000.00,0.00,51100.00,96.00,0.00,0.00,4.00,0.00,0.00,0.00,0.00,0.00,2000.00,0.00,1886.00,0.00,0.00,0.00,0.00,0.00,283600.00,112207.00,0.42
Guatemala,North America,GT,Guatemala City,14 37 N,90 31 W,8200.00,1.80,12120000000.00,10100000000.00,747000000.00,4605000.00,41.00,0.00,31.00,28.00,9600.00,9383.00,0.00,83070000.00,1162.00,89000.00,10810.00,97900.00,0.00,0.00,0.00,0.00,2960000000.00,17150000.00,16581273.00,1.72
Guinea,Africa,GN,Conakry,9 30 N,13 42 W,2200.00,11.00,598000000.00,556100000.00,0.00,550000.00,33.00,0.00,67.00,0.00,0.00,0.00,0.00,0.00,0.00,19000.00,0.00,18460.00,0.00,0.00,0.00,0.00,0.00,2794000.00,11855411.00,2.75
Guinea-Bissau,Africa,GW,Bissau,11 51 N,15 35 W,1900.00,2.50,39000000.00,36270000.00,0.00,28300.00,99.00,0.00,0.00,1.00,0.00,0.00,0.00,0.00,0.00,2700.00,0.00,2625.00,0.00,0.00,0.00,0.00,0.00,397900.00,1833247.00,2.48
Guyana,South America,GY,Georgetown,6 48 N,58 09 W,8100.00,-5.00,1010000000.00,790100000.00,0.00,428000.00,89.00,0.00,0.00,11.00,0.00,0.00,0.00,0.00,0.00,14000.00,0.00,13720.00,0.00,0.00,0.00,0.00,0.00,2131000.00,740685.00,0.48
Haiti,North America,HT,Port-au-Prince,18 32 N,72 20 W,1800.00,0.90,1023000000.00,406200000.00,0.00,332000.00,82.00,0.00,18.00,0.00,0.00,0.00,0.00,0.00,0.00,21000.00,0.00,20030.00,0.00,0.00,0.00,0.00,0.00,3595000.00,10788440.00,1.31
Honduras,North America,HN,Tegucigalpa,14 06 N,87 13 W,5600.00,4.50,8501000000.00,7220000000.00,195000000.00,2546000.00,40.00,0.00,25.00,34.00,0.00,0.00,0.00,0.00,0.00,59000.00,12870.00,56120.00,0.00,0.00,0.00,0.00,0.00,9436000.00,9182766.00,1.56
Hungary,Europe,HU,Budapest,47 30 N,19 05 E,29600.00,7.40,30220000000.00,39370000000.00,17950000000.00,8639000.00,64.00,22.00,1.00,13.00,16000.00,2713.00,121000.00,24000000.00,152400.00,167700.00,58720.00,82110.00,1812000000.00,10390000000.00,3520000000.00,13370000000.00,6598000000.00,51280000.00,9825704.00,-0.26
Iceland,Europe,IS,Reykjavik,64 09 N,21 57 W,52200.00,2.40,18170000000.00,17680000000.00,0.00,2772000.00,4.00,0.00,71.00,25.00,0.00,0.00,0.00,0.00,0.00,20850.00,2530.00,20220.00,0.00,0.00,0.00,0.00,0.00,3228000.00,343518.00,1.08
India,Asia,IN,New Delhi,28 36 N,77 12 E,7200.00,5.50,1386000000000.00,1137000000000.00,5617000000.00,367800000.00,71.00,2.00,12.00,16.00,709000.00,0.00,4057000.00,4495000000.00,4897000.00,4521000.00,1305000.00,653300.00,31540000000.00,55430000000.00,76450000.00,23960000000.00,1290000000000.00,2383000000.00,1296834042.00,1.14
Indonesia,Asia,ID,Jakarta,6 10 S,106 49 E,12400.00,4.10,235400000000.00,213400000000.00,693000000.00,61430000.00,85.00,0.00,9.00,6.00,772000.00,302300.00,498500.00,3310000000.00,950000.00,1601000.00,79930.00,591500.00,72090000000.00,42320000000.00,29780000000.00,0.00,2866000000000.00,540700000.00,262787403.00,0.83
Iran,Asia,IR,Tehran,35 42 N,51 25 E,20100.00,3.00,272300000000.00,236300000000.00,4221000000.00,77600000.00,84.00,1.00,15.00,0.00,4251000.00,750200.00,0.00,157200000000.00,1764000.00,1804000.00,397200.00,64160.00,214500000000.00,206900000000.00,11640000000.00,3993000000.00,33720000000000.00,638300000.00,83024745.00,1.19
Iraq,Asia,IQ,Baghdad,33 20 N,44 24 E,16700.00,0.70,75450000000.00,38460000000.00,11970000000.00,27090000.00,91.00,0.00,9.00,0.00,4613000.00,3092000.00,0.00,148800000000.00,398000.00,826000.00,8284.00,255100.00,1274000000.00,2633000000.00,0.00,1359000000.00,3820000000000.00,117900000.00,40194216.00,2.50
Ireland,Europe,IE,Dublin,53 19 N,6 14 W,73200.00,7.80,28530000000.00,25680000000.00,871000000.00,9945000.00,65.00,0.00,2.00,33.00,0.00,5900.00,66210.00,0.00,64970.00,153700.00,37040.00,126600.00,3511000000.00,5238000000.00,0.00,1642000000.00,9911000000.00,36910000.00,5068050.00,1.11
Israel,Asia,IL,Jerusalem,31 46 N,35 14 E,36400.00,3.50,63090000000.00,55000000000.00,0.00,17590000.00,95.00,0.00,0.00,5.00,390.00,0.00,231600.00,12730000.00,294300.00,242200.00,111700.00,98860.00,9826000000.00,9995000000.00,0.00,509700000.00,176000000000.00,73820000.00,8424904.00,1.49
Italy,Europe,IT,Rome,41 54 N,12 29 E,38200.00,2.10,275300000000.00,293500000000.00,43180000000.00,114200000.00,54.00,0.00,14.00,32.00,90000.00,13790.00,1341000.00,487800000.00,1607000.00,1236000.00,615900.00,422500.00,5550000000.00,75150000000.00,271800000.00,69660000000.00,38110000000.00,351000000.00,62246674.00,0.16
Jamaica,North America,JM,Kingston,18 00 N,76 48 W,9200.00,0.90,4007000000.00,2847000000.00,0.00,1078000.00,83.00,0.00,3.00,15.00,0.00,0.00,24360.00,0.00,24250.00,55000.00,823.00,30580.00,0.00,198200000.00,0.00,198200000.00,0.00,8900000.00,2812090.00,-0.05
Japan,Asia,JP,Tokyo,35 41 N,139 45 E,42900.00,1.40,989300000000.00,943700000000.00,0.00,295900000.00,71.00,1.00,8.00,20.00,3200.00,0.00,3208000.00,44120000.00,3467000.00,3894000.00,370900.00,1100000.00,3058000000.00,127200000000.00,169900000.00,116600000000.00,20900000000.00,1268000000.00,126168156.00,-0.24
Jordan,Asia,JO,Amman,31 57 N,35 56 E,9200.00,1.40,18600000000.00,16820000000.00,334000000.00,4764000.00,87.00,0.00,0.00,12.00,22.00,0.00,67980.00,1000000.00,67240.00,139000.00,0.00,68460.00,121800000.00,5238000000.00,1359000000.00,6456000000.00,6031000000.00,27390000.00,10458413.00,2.02
Kazakhstan,Asia,KZ,Astana,51 10 N,71 25 E,26300.00,5.80,100800000000.00,94230000000.00,1318000000.00,20150000.00,86.00,0.00,14.00,1.00,1856000.00,1409000.00,1480.00,30000000000.00,290700.00,274000.00,105900.00,39120.00,22410000000.00,15370000000.00,12800000000.00,5748000000.00,2407000000000.00,304600000.00,18744548.00,0.98
Kenya,Africa,KE,Nairobi,1 17 S,36 49 E,3500.00,3.60,9634000000.00,7863000000.00,184000000.00,2401000.00,33.00,0.00,34.00,33.00,0.00,0.00,12550.00,0.00,13960.00,109000.00,173.00,90620.00,0.00,0.00,0.00,0.00,0.00,17980000.00,48397527.00,1.57
Kiribati,Africa,KI,Tarawa,1 21 N,173 02 E,2000.00,1.10,29000000.00,26970000.00,0.00,11000.00,73.00,0.00,0.00,27.00,0.00,0.00,0.00,0.00,0.00,400.00,0.00,420.00,0.00,0.00,0.00,0.00,0.00,58850.00,109367.00,1.12
Dem. Rep. Korea,Asia,KP,Pyongyang,39 01 N,125 45 E,1700.00,1.00,16570000000.00,13890000000.00,0.00,10010000.00,45.00,0.00,55.00,0.00,0.00,0.00,10640.00,0.00,11270.00,18000.00,0.00,8260.00,0.00,0.00,0.00,0.00,0.00,27830000.00,25381085.00,0.52
Korea,Asia,KR,Seoul,37 33 N,126 59 E,39500.00,4.60,526000000000.00,507600000000.00,0.00,111200000.00,70.00,21.00,2.00,8.00,0.00,0.00,3057000.00,unknown,3302000.00,2584000.00,1396000.00,908800.00,339800000.00,45280000000.00,0.00,48650000000.00,7079000000.00,778400000.00,51418097.00,0.44
Kuwait,Asia,KW,Kuwait City,29 22 N,47 58 E,65800.00,2.80,65950000000.00,57780000000.00,0.00,18890000.00,100.00,0.00,0.00,0.00,2807000.00,479700.00,0.00,101500000000.00,915800.00,446000.00,705500.00,0.00,17100000000.00,21720000000.00,0.00,5125000000.00,1784000000000.00,106500000.00,2916467.00,1.38
Kyrgyzstan,Asia,KG,Bishkek,42 52 N,74 36 E,3700.00,10.90,13040000000.00,10520000000.00,331000000.00,4046000.00,24.00,0.00,76.00,0.00,1000.00,0.00,4480.00,40000000.00,6996.00,37000.00,2290.00,34280.00,28320000.00,186900000.00,0.00,169900000.00,5663000000.00,10020000.00,5849296.00,1.02
Lao PDR,Asia,LA,Vientiane,17 58 N,102 36 E,7400.00,8.00,29740000000.00,5471000000.00,2500000000.00,6940000.00,28.00,0.00,72.00,1.00,0.00,0.00,0.00,0.00,0.00,18000.00,0.00,17460.00,0.00,0.00,0.00,0.00,0.00,10420000.00,7234171.00,1.48
Latvia,Europe,LV,Riga,56 57 N,24 06 E,27700.00,10.60,6241000000.00,6798000000.00,4828000000.00,2932000.00,39.00,0.00,53.00,8.00,0.00,0.00,0.00,0.00,0.00,44600.00,16180.00,54370.00,0.00,1218000000.00,0.00,1246000000.00,0.00,8632000.00,1923559.00,-1.10
Lebanon,Asia,LB,Beirut,33 52 N,35 30 E,19600.00,-21.10,17590000000.00,15710000000.00,69000000.00,2346000.00,88.00,0.00,11.00,1.00,0.00,0.00,0.00,0.00,0.00,154000.00,0.00,151100.00,0.00,0.00,0.00,0.00,0.00,23360000.00,6100075.00,-3.13
Lesotho,Africa,LS,Maseru,29 19 S,27 29 E,3300.00,12.50,510000000.00,847300000.00,373000000.00,80400.00,0.00,0.00,100.00,1.00,0.00,0.00,0.00,0.00,0.00,5000.00,0.00,5118.00,0.00,0.00,0.00,0.00,0.00,711100.00,1962461.00,0.24
Liberia,Africa,LR,Monrovia,6 18 N,10 48 W,1300.00,9.00,300000000.00,279000000.00,0.00,151000.00,57.00,0.00,43.00,0.00,0.00,0.00,0.00,0.00,0.00,8000.00,0.00,8181.00,0.00,0.00,0.00,0.00,0.00,1163000.00,4809768.00,2.59
Libya,Africa,LY,Tripoli,32 53 N,13 10 E,9600.00,60.30,34240000000.00,27300000000.00,376000000.00,9460000.00,100.00,0.00,0.00,0.00,1039000.00,337800.00,0.00,48360000000.00,89620.00,260000.00,16880.00,168200.00,9089000000.00,4446000000.00,4644000000.00,0.00,1505000000000.00,46480000.00,6754507.00,1.45
Lithuania,Europe,LT,Vilnius,54 41 N,25 19 E,32400.00,5.90,3131000000.00,10500000000.00,11110000000.00,3710000.00,73.00,0.00,4.00,23.00,2000.00,1002.00,182900.00,12000000.00,196500.00,58000.00,174800.00,42490.00,0.00,2492000000.00,0.00,2492000000.00,0.00,13490000.00,2793284.00,-1.10
Luxembourg,Europe,LU,Luxembourg,49 36 N,6 07 E,105100.00,1.90,334500000.00,6475000000.00,7718000000.00,1709000.00,25.00,0.00,8.00,67.00,0.00,0.00,0.00,0.00,0.00,59850.00,0.00,59020.00,0.00,792800000.00,0.00,792800000.00,0.00,10720000.00,605764.00,1.90
Macedonia,Europe,MK,Skopje,42 00 N,21 26 E,14900.00,-7.80,5396000000.00,6420000000.00,2191000000.00,1828000.00,60.00,0.00,37.00,3.00,0.00,142.00,0.00,0.00,0.00,21000.00,3065.00,23560.00,0.00,198200000.00,0.00,198200000.00,0.00,7459000.00,2118945.00,0.19
Madagascar,Africa,MG,Antananarivo,18 55 S,47 31 E,1600.00,5.20,1706000000.00,1587000000.00,0.00,675400.00,74.00,0.00,24.00,2.00,0.00,0.00,0.00,0.00,0.00,18000.00,0.00,18880.00,0.00,0.00,0.00,0.00,0.00,4021000.00,25683610.00,2.46
Malawi,Africa,MW,Lilongwe,13 58 S,33 47 E,1200.00,1.20,1420000000.00,1321000000.00,0.00,375000.00,1.00,0.00,93.00,6.00,0.00,0.00,0.00,0.00,0.00,6000.00,0.00,4769.00,0.00,0.00,0.00,0.00,0.00,1082000.00,19842560.00,3.31
Malaysia,Asia,MY,Kuala Lumpur,3 10 N,101 42 E,29100.00,5.00,148300000000.00,136900000000.00,33000000.00,33000000.00,78.00,0.00,18.00,4.00,647000.00,326200.00,166000.00,3600000000.00,528300.00,704000.00,208400.00,304600.00,69490000000.00,30440000000.00,38230000000.00,2803000000.00,1183000000000.00,226800000.00,31809660.00,1.34
Maldives,Asia,MV,Male,4 10 N,73 30 E,19200.00,14.00,402000000.00,373900000.00,0.00,278000.00,96.00,0.00,0.00,4.00,0.00,0.00,0.00,0.00,0.00,11000.00,0.00,10840.00,0.00,0.00,0.00,0.00,0.00,1648000.00,392473.00,-0.06
Mali,Africa,ML,Bamako,12 39 N,8 00 W,2200.00,6.30,2489000000.00,2982000000.00,800000000.00,590000.00,68.00,0.00,31.00,1.00,0.00,0.00,0.00,0.00,0.00,22000.00,0.00,20610.00,0.00,0.00,0.00,0.00,0.00,3388000.00,18429893.00,2.98
Malta,Europe,MT,Valletta,35 53 N,14 30 E,41900.00,-3.30,813000000.00,2122000000.00,1525000000.00,575100.00,81.00,0.00,0.00,19.00,0.00,0.00,0.00,0.00,0.00,45000.00,10400.00,52290.00,0.00,283200000.00,0.00,311500000.00,0.00,8141000.00,449043.00,0.99
Mauritania,Africa,MR,Nouakchott,18 04 N,15 58 W,4500.00,1.00,1139000000.00,1059000000.00,0.00,558000.00,65.00,0.00,16.00,20.00,4000.00,5333.00,0.00,20000000.00,0.00,17000.00,0.00,17290.00,0.00,0.00,0.00,0.00,28320000000.00,2615000.00,3840429.00,2.14
Mauritius,Africa,MU,Port Louis,20 09 S,57 29 E,22300.00,3.20,2898000000.00,2726000000.00,0.00,894000.00,79.00,0.00,7.00,14.00,0.00,0.00,0.00,0.00,0.00,27000.00,0.00,26960.00,0.00,0.00,0.00,0.00,0.00,6429000.00,1364283.00,0.57
Mexico,North America,MX,Mexico City,19 26 N,99 08 W,19900.00,-0.60,302700000000.00,258700000000.00,3532000000.00,72560000.00,71.00,2.00,17.00,9.00,1852000.00,1214000.00,0.00,6630000000.00,844600.00,1984000.00,155800.00,867500.00,31570000000.00,81610000000.00,36810000.00,50120000000.00,279800000000.00,454100000.00,125959205.00,1.09
"Micronesia, Federated States of",Oceania,FM,Palikir,6 55 N,158 09 E,3400.00,unknown,192000000.00,178600000.00,0.00,18000.00,96.00,0.00,1.00,3.00,0.00,0.00,0.00,0.00,0.00,unknown,0.00,unknown,0.00,unknown,unknown,unknown,0.00,105.00,103643.00,-0.55
Moldova,Europe,MD,Chisinau,47 00 N,28 51 E,6700.00,3.00,5490000000.00,4400000000.00,4000000.00,515000.00,86.00,0.00,12.00,2.00,0.00,0.00,20.00,0.00,232.00,18000.00,275.00,18160.00,11330000.00,2520000000.00,0.00,2520000000.00,unknown,7653000.00,3437720.00,-1.06
Mongolia,Asia,MN,Ulaanbaatar,47 55 N,106 55 E,13000.00,-1.00,5339000000.00,5932000000.00,1446000000.00,1134000.00,87.00,0.00,2.00,11.00,20000.00,14360.00,0.00,unknown,0.00,27000.00,0.00,24190.00,0.00,0.00,0.00,0.00,0.00,19860000.00,3103428.00,1.11
Montenegro,Europe,ME,Podgorica,42 26 N,19 16 E,17800.00,-4.20,3045000000.00,2808000000.00,1210000000.00,890000.00,23.00,0.00,69.00,8.00,0.00,0.00,0.00,0.00,0.00,6000.00,357.00,6448.00,0.00,0.00,0.00,0.00,0.00,2287000.00,614249.00,-0.34
Morocco,Africa,MA,Rabat,34 01 N,6 49 W,8600.00,2.80,28750000000.00,28250000000.00,5289000000.00,8303000.00,68.00,0.00,16.00,15.00,160.00,0.00,61160.00,684000.00,66230.00,278000.00,9504.00,229300.00,87780000.00,1218000000.00,0.00,1133000000.00,1444000000.00,55400000.00,34314130.00,0.95
Mozambique,Africa,MZ,Maputo,25 57 S,32 35 E,1300.00,4.90,18390000000.00,11570000000.00,9928000000.00,2626000.00,16.00,0.00,83.00,1.00,0.00,0.00,0.00,0.00,0.00,26000.00,0.00,25130.00,6003000000.00,1841000000.00,4162000000.00,0.00,2832000000000.00,11120000.00,27233789.00,2.46
Burma,Asia,MM,Rangoon,16 48 N,96 09 E,6300.00,8.90,17320000000.00,14930000000.00,0.00,5205000.00,39.00,0.00,61.00,1.00,11000.00,1824.00,0.00,139000000.00,13330.00,123000.00,0.00,102600.00,18410000000.00,4502000000.00,14070000000.00,0.00,637100000000.00,27010000.00,55622506.00,0.89
Namibia,Africa,unknown,Windhoek,22 34 S,17 05 E,11200.00,-0.40,1403000000.00,3891000000.00,3073000000.00,535500.00,28.00,0.00,64.00,8.00,0.00,0.00,0.00,0.00,0.00,27000.00,80.00,26270.00,0.00,0.00,0.00,0.00,62290000000.00,3958000.00,2533224.00,1.91
Nauru,Africa,NR,none,unknown,unknown,12300.00,unknown,24000000.00,22320000.00,0.00,7000.00,86.00,0.00,0.00,14.00,0.00,0.00,0.00,0.00,0.00,470.00,0.00,449.00,0.00,0.00,0.00,0.00,0.00,76540.00,9692.00,0.51
Nepal,Asia,NP,Kathmandu,27 43 N,85 19 E,2700.00,12.40,4244000000.00,4983000000.00,2175000000.00,943100.00,5.00,0.00,92.00,3.00,0.00,0.00,0.00,0.00,0.00,27000.00,0.00,26120.00,0.00,0.00,0.00,0.00,0.00,8396000.00,29717587.00,1.09
Netherlands,Europe,NL,Amsterdam,52 21 N,4 55 E,53900.00,3.30,109300000000.00,108800000000.00,24260000000.00,34170000.00,75.00,1.00,0.00,23.00,18000.00,7984.00,1094000.00,81130000.00,1282000.00,954500.00,2406000.00,2148000.00,45330000000.00,43380000000.00,51250000000.00,51000000000.00,801400000000.00,250200000.00,17151228.00,0.38
New Zealand,Oceania,NZ,Wellington,41 18 S,174 47 E,39000.00,1.80,42530000000.00,39500000000.00,0.00,9301000.00,23.00,0.00,58.00,20.00,24000.00,26440.00,108900.00,51800000.00,115100.00,169100.00,1782.00,56000.00,5097000000.00,5182000000.00,0.00,0.00,33700000000.00,37750000.00,4545627.00,0.77
Nicaragua,North America,NI,Managua,12 08 N,86 15 W,5900.00,3.50,4454000000.00,3590000000.00,205000000.00,1551000.00,56.00,0.00,9.00,35.00,0.00,0.00,16180.00,0.00,14720.00,37000.00,460.00,20120.00,0.00,0.00,0.00,0.00,0.00,5405000.00,6085213.00,0.97
Niger,Africa,NE,Niamey,13 31 N,2 07 E,1200.00,6.00,494700000.00,1065000000.00,779000000.00,184000.00,95.00,0.00,0.00,5.00,9000.00,0.00,0.00,150000000.00,15280.00,14000.00,5422.00,3799.00,0.00,0.00,0.00,0.00,0.00,2534000.00,19866231.00,3.16
Nigeria,Africa,NG,Abuja,9 05 N,7 32 E,5900.00,2.20,29350000000.00,24720000000.00,0.00,10520000.00,80.00,0.00,19.00,0.00,1989000.00,2096000.00,0.00,37450000000.00,35010.00,325000.00,2332.00,223400.00,44480000000.00,17240000000.00,27210000000.00,0.00,5475000000000.00,104000000.00,203452505.00,2.54
Norway,Europe,NO,Oslo,59 55 N,10 45 E,72100.00,1.50,147700000000.00,122200000000.00,5741000000.00,33860000.00,3.00,0.00,93.00,4.00,1517000.00,1383000.00,36550.00,6376000000.00,371600.00,205300.00,432800.00,135300.00,123900000000.00,4049000000.00,120200000000.00,5663000.00,1782000000000.00,39800000.00,5372191.00,0.94
Oman,Asia,OM,Muscat,23 37 N,58 35 E,46000.00,-3.00,32160000000.00,28920000000.00,0.00,8167000.00,100.00,0.00,0.00,0.00,979000.00,844100.00,0.00,5373000000.00,229600.00,188000.00,33700.00,6041.00,31230000000.00,21940000000.00,11160000000.00,1982000000.00,651300000000.00,68940000.00,4613241.00,2.00
Pakistan,Asia,PK,Islamabad,33 41 N,73 03 E,5400.00,5.40,109700000000.00,92330000000.00,490000000.00,26900000.00,62.00,5.00,27.00,7.00,90000.00,13150.00,168200.00,332200000.00,291200.00,557000.00,25510.00,264500.00,39050000000.00,45050000000.00,0.00,6003000000.00,588800000000.00,179500000.00,207862518.00,1.41
Palau,Oceania,PW,Melekeok,7 29 N,134 38 E,14700.00,unknown,unknown,unknown,unknown,unknown,unknown,unknown,unknown,unknown,unknown,unknown,unknown,unknown,unknown,unknown,unknown,unknown,unknown,unknown,unknown,unknown,unknown,unknown,21516.00,0.40
Panama,North America,PA,Panama City,8 58 N,79 32 W,25400.00,6.30,10600000000.00,8708000000.00,30000000.00,3400000.00,36.00,0.00,51.00,13.00,0.00,0.00,0.00,0.00,0.00,146000.00,66.00,129200.00,0.00,0.00,0.00,0.00,0.00,26080000.00,3800644.00,1.24
Papua New Guinea,North America,PG,Port Moresby,9 27 S,147 11 E,3700.00,3.30,3481000000.00,3237000000.00,0.00,900900.00,63.00,0.00,30.00,7.00,45000.00,55600.00,22220.00,183800000.00,22170.00,37000.00,0.00,17110.00,11180000000.00,99110000.00,11100000000.00,0.00,210500000000.00,6082000.00,7027332.00,1.67
Paraguay,South America,PY,Asuncion,25 16 S,57 40 W,12800.00,2.00,63130000000.00,10900000000.00,0.00,8870000.00,0.00,0.00,99.00,1.00,0.00,0.00,0.00,0.00,0.00,43000.00,0.00,40760.00,0.00,0.00,0.00,0.00,0.00,7740000.00,7025763.00,1.17
Peru,South America,PE,Lima,12 03 S,77 03 W,13500.00,2.70,50130000000.00,44610000000.00,22000000.00,14730000.00,61.00,0.00,35.00,4.00,49000.00,7995.00,86060.00,434900000.00,166600.00,250000.00,62640.00,65400.00,12990000000.00,7483000000.00,5505000000.00,0.00,455900000000.00,55940000.00,31331228.00,0.94
Philippines,Asia,PH,Manila,14 36 N,120 58 E,8400.00,7.20,86590000000.00,78300000000.00,0.00,22130000.00,67.00,0.00,17.00,16.00,13000.00,16450.00,211400.00,138500000.00,215500.00,424000.00,26710.00,211400.00,3058000000.00,3143000000.00,0.00,0.00,98540000000.00,117200000.00,105893381.00,1.55
Poland,Europe,PL,Warsaw,52 15 N,21 00 E,29600.00,7.50,156900000000.00,149400000000.00,14020000000.00,38110000.00,79.00,0.00,2.00,19.00,21000.00,4451.00,493100.00,126000000.00,554200.00,649600.00,104800.00,222300.00,5748000000.00,20100000000.00,1246000000.00,15720000000.00,79790000000.00,359000000.00,38420687.00,-0.16
Portugal,Europe,PT,Lisbon,38 43 N,9 08 W,30500.00,3.50,56900000000.00,46940000000.00,4616000000.00,20560000.00,41.00,0.00,25.00,35.00,0.00,0.00,285200.00,0.00,323000.00,247200.00,143500.00,78700.00,0.00,6258000000.00,0.00,6541000000.00,0.00,54970000.00,10355493.00,-0.27
Qatar,Asia,QA,Doha,25 17 N,51 32 E,124100.00,3.00,39780000000.00,37240000000.00,0.00,8796000.00,100.00,0.00,0.00,1.00,1464000.00,1150000.00,0.00,25240000000.00,273800.00,277000.00,485000.00,12300.00,166400000000.00,39900000000.00,126500000000.00,0.00,24070000000000.00,114200000.00,2363569.00,1.95
Romania,Europe,RO,Bucharest,44 26 N,26 06 E,24600.00,5.50,61780000000.00,49640000000.00,4177000000.00,23940000.00,47.00,6.00,29.00,19.00,70000.00,2076.00,145300.00,600000000.00,232600.00,198000.00,103000.00,49420.00,10870000000.00,11580000000.00,22650000.00,1218000000.00,105500000000.00,72070000.00,21457116.00,-0.35
Russia,Asia,RU,Moscow,55 45 N,37 36 E,27900.00,-1.00,1031000000000.00,909600000000.00,3194000000.00,244900000.00,68.00,11.00,21.00,1.00,10759000.00,4921000.00,76220.00,80000000000.00,6076000.00,3650000.00,2671000.00,41920.00,665600000000.00,467500000000.00,210200000000.00,15770000000.00,47800000000000.00,1847000000.00,142122776.00,-0.11
Rwanda,Africa,RW,Kigali,1 57 S,30 03 E,2100.00,4.20,525000000.00,527300000.00,42000000.00,191000.00,42.00,0.00,51.00,7.00,0.00,0.00,0.00,0.00,0.00,6700.00,0.00,6628.00,0.00,0.00,0.00,0.00,56630000000.00,985600.00,12187400.00,2.30
Saint Kitts and Nevis,North America,KN,Basseterre,17 18 N,62 43 W,28200.00,5.00,208000000.00,193400000.00,0.00,64200.00,94.00,0.00,0.00,6.00,0.00,0.00,0.00,0.00,0.00,1700.00,0.00,1743.00,0.00,0.00,0.00,0.00,0.00,248100.00,53094.00,0.70
Saint Lucia,North America,LC,Castries,14 00 N,61 00 W,14400.00,6.00,369000000.00,343200000.00,0.00,89000.00,99.00,0.00,0.00,1.00,0.00,0.00,0.00,0.00,0.00,3100.00,0.00,3113.00,0.00,0.00,0.00,0.00,0.00,437900.00,165510.00,0.31
Saint Vincent and the Grenadines,North America,VC,Kingstown,13 08 N,61 13 W,11500.00,2.50,157000000.00,146000000.00,0.00,54000.00,85.00,0.00,13.00,2.00,0.00,0.00,0.00,0.00,0.00,1620.00,0.00,1621.00,0.00,0.00,0.00,0.00,0.00,226800.00,101844.00,-0.23
Samoa,Oceania,WS,Apia,13 49 S,171 46 W,5700.00,-1.80,132000000.00,122800000.00,0.00,45000.00,48.00,0.00,23.00,29.00,0.00,0.00,0.00,0.00,0.00,2400.00,0.00,2363.00,0.00,0.00,0.00,0.00,0.00,341100.00,201316.00,0.61
Sao Tome and Principe,Africa,ST,Sao Tome,0 20 N,6 44 E,3200.00,5.00,66000000.00,61380000.00,0.00,18100.00,88.00,0.00,11.00,1.00,0.00,0.00,0.00,0.00,0.00,1000.00,0.00,1027.00,0.00,0.00,0.00,0.00,0.00,148100.00,204454.00,1.66
Saudi Arabia,Asia,SA,Riyadh,24 39 N,46 42 E,54500.00,-2.40,324100000000.00,296200000000.00,0.00,82940000.00,100.00,0.00,0.00,0.00,10425000.00,7341000.00,0.00,266200000000.00,2476000.00,3287000.00,1784000.00,609600.00,109300000000.00,109300000000.00,0.00,0.00,8619000000000.00,657100000.00,33091113.00,1.63
Senegal,Africa,SN,Dakar,14 44 N,17 38 W,3500.00,7.70,4167000000.00,3497000000.00,0.00,977000.00,82.00,0.00,7.00,11.00,0.00,0.00,17880.00,0.00,17590.00,48000.00,4063.00,32050.00,59460000.00,59460000.00,0.00,0.00,0.00,8644000.00,15020945.00,2.36
Serbia,Europe,RS,Belgrade,44 50 N,20 30 E,15100.00,3.90,36540000000.00,29810000000.00,5068000000.00,7342000.00,65.00,0.00,35.00,1.00,17000.00,123.00,40980.00,77500000.00,74350.00,74000.00,15750.00,18720.00,509700000.00,2718000000.00,0.00,2010000000.00,48140000000.00,50210000.00,7078110.00,-0.47
Seychelles,Africa,SC,Victoria,4 37 S,55 27 E,29300.00,2.30,350000000.00,325500000.00,0.00,88000.00,91.00,0.00,0.00,9.00,0.00,0.00,0.00,0.00,0.00,7300.00,0.00,7225.00,0.00,0.00,0.00,0.00,0.00,1150000.00,94633.00,0.74
Sierra Leone,Africa,SL,Freetown,8 29 N,13 14 W,1600.00,15.50,300000000.00,279000000.00,0.00,113300.00,23.00,0.00,51.00,26.00,0.00,0.00,0.00,0.00,0.00,6500.00,0.00,6439.00,0.00,0.00,0.00,0.00,0.00,984800.00,6312212.00,2.40
Singapore,Asia,SG,Singapore,1 17 N,103 51 E,94100.00,5.70,48660000000.00,47690000000.00,0.00,13350000.00,98.00,0.00,0.00,2.00,0.00,14780.00,783300.00,0.00,755000.00,1322000.00,1820000.00,2335000.00,0.00,12970000000.00,622900000.00,13480000000.00,0.00,249500000.00,5995991.00,1.79
Slovakia,Europe,SK,Bratislava,48 09 N,17 07 E,33100.00,2.70,25320000000.00,26640000000.00,13250000000.00,7644000.00,36.00,27.00,24.00,13.00,200.00,1022.00,111200.00,9000000.00,131300.00,85880.00,81100.00,38340.00,104800000.00,4672000000.00,0.00,4984000000.00,14160000000.00,34860000.00,5445040.00,-0.02
Slovenia,Europe,SI,Ljubljana,46 03 N,14 31 E,34500.00,8.60,15460000000.00,13400000000.00,8359000000.00,3536000.00,37.00,20.00,34.00,9.00,5.00,0.00,0.00,0.00,0.00,52140.00,29350.00,93060.00,8000000.00,906100000.00,2832000.00,906100000.00,unknown,14370000.00,2102126.00,0.03
Solomon Islands,Oceania,SB,Honiara,9 26 S,159 57 E,2200.00,3.60,103000000.00,95790000.00,0.00,38000.00,92.00,0.00,0.00,8.00,0.00,0.00,0.00,0.00,0.00,1600.00,0.00,1577.00,0.00,0.00,0.00,0.00,0.00,233500.00,660121.00,1.90
South Africa,Africa,ZA,Pretoria,25 42 S,28 13 E,13600.00,1.20,234500000000.00,207100000000.00,10560000000.00,50020000.00,85.00,4.00,1.00,10.00,1600.00,0.00,404000.00,15000000.00,487100.00,621000.00,105600.00,195200.00,906100000.00,5069000000.00,0.00,4162000000.00,0.00,572300000.00,55380210.00,0.97
S. Sudan,Africa,SS,Juba,04 51 N,31 37 E,1600.00,unknown,412800000.00,391800000.00,0.00,80400.00,100.00,0.00,0.00,1.00,150200.00,147300.00,0.00,3750000000.00,0.00,8000.00,0.00,7160.00,0.00,0.00,0.00,0.00,63710000000.00,1224000.00,10204581.00,-1.16
Spain,Europe,ES,Madrid,40 24 N,3 41 W,38400.00,4.00,258600000000.00,239500000000.00,21850000000.00,105900000.00,47.00,7.00,14.00,32.00,1700.00,0.00,1325000.00,150000000.00,1361000.00,1296000.00,562400.00,464800.00,36810000.00,31270000000.00,2888000000.00,34630000000.00,2548000000.00,286700000.00,49331076.00,0.73
Sri Lanka,Asia,LK,Colombo,6 55 N,79 50 E,12900.00,4.60,13660000000.00,12670000000.00,0.00,3998000.00,52.00,0.00,42.00,6.00,0.00,0.00,33540.00,0.00,34210.00,116000.00,3871.00,66280.00,0.00,0.00,0.00,0.00,0.00,25190000.00,22576592.00,0.73
Sudan,Africa,SD,Khartoum,15 36 N,32 32 E,4300.00,4.50,13990000000.00,12120000000.00,0.00,3437000.00,44.00,0.00,51.00,6.00,95000.00,19540.00,9440.00,5000000000.00,94830.00,112000.00,8541.00,24340.00,0.00,0.00,0.00,0.00,84950000000.00,16030000.00,43120843.00,2.93
Suriname,South America,SR,Paramaribo,5 50 N,55 10 W,14900.00,1.00,1967000000.00,1750000000.00,0.00,504000.00,61.00,0.00,38.00,2.00,17000.00,0.00,820.00,84200000.00,7571.00,13000.00,14000.00,10700.00,0.00,0.00,0.00,0.00,0.00,2075000.00,597927.00,1.00
Sweden,Europe,SE,Stockholm,59 20 N,18 03 E,51200.00,4.10,152900000000.00,133500000000.00,14290000000.00,40290000.00,5.00,22.00,42.00,32.00,0.00,14570.00,400200.00,0.00,413200.00,323100.00,371100.00,229600.00,0.00,764500000.00,0.00,764500000.00,0.00,52310000.00,10040995.00,0.80
Switzerland,Europe,CH,Bern,46 55 N,7 28 E,62100.00,3.40,59010000000.00,58460000000.00,34100000000.00,20840000.00,3.00,18.00,67.00,13.00,0.00,0.00,57400.00,0.00,61550.00,223900.00,7345.00,165100.00,0.00,3709000000.00,0.00,3681000000.00,unknown,38950000.00,8292809.00,0.68
Syria,Asia,SY,Damascus,33 30 N,36 18 E,2900.00,4.30,17070000000.00,14160000000.00,0.00,9058000.00,83.00,0.00,17.00,0.00,25000.00,0.00,87660.00,2500000000.00,111600.00,134000.00,12520.00,38080.00,3738000000.00,3738000000.00,0.00,0.00,240700000000.00,27510000.00,19454263.00,7.37
Taiwan,Asia,TW,Taipei,25 02 N,121 31 E,50500.00,3.90,246100000000.00,237400000000.00,0.00,49520000.00,79.00,11.00,4.00,6.00,196.00,0.00,846400.00,2380000.00,924000.00,962400.00,349600.00,418300.00,237900000.00,22450000000.00,0.00,22140000000.00,6229000000.00,348800000.00,23545963.00,0.15
Tajikistan,Asia,TJ,Dushanbe,38 33 N,68 46 E,3200.00,1.00,17030000000.00,12960000000.00,103000000.00,5508000.00,6.00,0.00,94.00,0.00,180.00,0.00,0.00,12000000.00,172.00,24000.00,0.00,22460.00,19820000.00,19820000.00,0.00,0.00,5663000000.00,6329000.00,8604882.00,1.58
Tanzania,Africa,TZ,Dar es Salaam,6 48 S,39 17 E,3200.00,12.00,6699000000.00,5682000000.00,102000000.00,1457000.00,55.00,0.00,40.00,6.00,0.00,0.00,0.00,0.00,0.00,72000.00,0.00,67830.00,3115000000.00,3115000000.00,0.00,0.00,6513000000.00,14570000.00,55451343.00,2.74
Thailand,Asia,TH,Bangkok,13 45 N,100 31 E,17900.00,1.60,181500000000.00,187700000000.00,19830000000.00,44890000.00,76.00,0.00,8.00,16.00,228000.00,790.00,875400.00,349400000.00,1328000.00,1326000.00,278300.00,134200.00,38590000000.00,52640000000.00,0.00,14410000000.00,193400000000.00,355000000.00,68615858.00,0.29
Timor-Leste,Asia,TL,Dili,8 35 S,125 36 E,6000.00,2.00,0.00,0.00,0.00,600.00,0.00,0.00,0.00,100.00,33000.00,62060.00,0.00,0.00,0.00,3500.00,0.00,3481.00,5776000000.00,0.00,5776000000.00,0.00,200000000000.00,533400.00,1321929.00,2.32
Togo,Africa,TG,Lome,6 07 N,1 13 E,1700.00,5.00,232600000.00,1261000000.00,1140000000.00,230000.00,70.00,0.00,29.00,1.00,0.00,0.00,0.00,0.00,0.00,15000.00,0.00,13100.00,0.00,0.00,0.00,0.00,0.00,2651000.00,8176449.00,2.61
Tonga,Oceania,TO,Nuku'alofa,21 08 S,175 12 W,5900.00,5.00,52000000.00,48360000.00,0.00,20300.00,74.00,0.00,0.00,26.00,0.00,0.00,0.00,0.00,0.00,900.00,0.00,910.00,0.00,0.00,0.00,0.00,0.00,139700.00,106398.00,-0.10
Trinidad and Tobago,North America,TT,Port of Spain,10 39 N,61 31 W,31300.00,-4.30,10070000000.00,9867000000.00,0.00,2608000.00,100.00,0.00,0.00,0.00,63000.00,31030.00,80860.00,243000000.00,134700.00,51000.00,106100.00,0.00,36730000000.00,21240000000.00,15490000000.00,0.00,447400000000.00,48920000.00,1215527.00,-0.23
Tunisia,Africa,TN,Tunis,36 48 N,10 11 E,11900.00,0.50,18440000000.00,15270000000.00,134000000.00,5768000.00,94.00,0.00,1.00,5.00,39000.00,39980.00,17580.00,425000000.00,27770.00,102000.00,13660.00,85340.00,1274000000.00,5125000000.00,0.00,3851000000.00,65130000000.00,23420000.00,11516189.00,0.95
Turkey,Asia,TR,Ankara,39 56 N,32 52 E,27000.00,9.10,261900000000.00,231100000000.00,6330000000.00,78500000.00,53.00,0.00,33.00,14.00,55000.00,0.00,521500.00,341600000.00,657900.00,989900.00,141600.00,560000.00,368100000.00,53600000000.00,622900000.00,55130000000.00,5097000000.00,379500000.00,81257239.00,0.49
Turkmenistan,Asia,TM,Ashgabat,37 57 N,58 23 E,18200.00,1.00,21180000000.00,15090000000.00,0.00,4001000.00,100.00,0.00,0.00,0.00,244000.00,67790.00,0.00,600000000.00,191100.00,160000.00,53780.00,0.00,77450000000.00,39310000000.00,38140000000.00,0.00,7504000000000.00,100500000.00,5411012.00,1.10
Tuvalu,Oceania,TV,Funafuti,8 31 S,179 13 E,3800.00,-26.10,11800000.00,unknown,0.00,5100.00,96.00,0.00,0.00,unknown,0.00,0.00,0.00,0.00,0.00,unknown,0.00,unknown,0.00,0.00,0.00,0.00,unknown,unknown,11147.00,0.86
Uganda,Africa,UG,Kampala,0 19 N,32 33 E,2400.00,4.40,3463000000.00,3106000000.00,50000000.00,1020000.00,19.00,0.00,68.00,12.00,0.00,0.00,0.00,2500000000.00,0.00,32000.00,0.00,31490.00,0.00,0.00,0.00,0.00,14160000000.00,4703000.00,40853749.00,3.18
Ukraine,Europe,UA,Kyiv,50 26 N,30 31 E,8800.00,3.10,153600000000.00,133200000000.00,77000000.00,57280000.00,65.00,23.00,8.00,3.00,32000.00,413.00,4720.00,395000000.00,63670.00,233000.00,1828.00,167000.00,19730000000.00,30920000000.00,0.00,12970000000.00,1104000000000.00,238900000.00,43952299.00,0.04
United Arab Emirates,Asia,AE,Abu Dhabi,24 28 N,54 22 E,68600.00,1.80,121800000000.00,113200000000.00,1141000000.00,28910000.00,99.00,0.00,0.00,1.00,3216000.00,2552000.00,0.00,97800000000.00,943500.00,896000.00,817700.00,392000.00,62010000000.00,74480000000.00,7504000000.00,20220000000.00,6091000000000.00,289400000.00,9701315.00,1.44
United Kingdom,Europe,GB,London,51 30 N,0 05 W,44300.00,3.40,318200000000.00,309200000000.00,19700000000.00,97060000.00,50.00,9.00,2.00,39.00,1000000.00,710600.00,907100.00,2069000000.00,1290000.00,1584000.00,613800.00,907500.00,42110000000.00,79170000000.00,11270000000.00,47000000000.00,176000000000.00,424000000.00,65105246.00,0.51
United States,North America,US,"Washington, DC",38 53 N,77 02 W,59800.00,2.30,4095000000000.00,3902000000000.00,72720000000.00,1087000000.00,70.00,9.00,7.00,14.00,10962000.00,1158000.00,7969000.00,unknown,20300000.00,19960000.00,5218000.00,2175000.00,772800000000.00,767600000000.00,89700000000.00,86150000000.00,0.00,5242000000.00,329256465.00,0.80
Uruguay,South America,UY,Montevideo,34 51 S,56 10 W,22400.00,-3.60,13130000000.00,10770000000.00,24000000.00,4808000.00,29.00,0.00,29.00,42.00,0.00,0.00,40200.00,0.00,42220.00,53000.00,0.00,9591.00,0.00,70790000.00,0.00,70790000.00,0.00,7554000.00,3369299.00,0.27
Uzbekistan,Asia,UZ,Tashkent,41 19 N,69 15 E,6900.00,4.50,55550000000.00,49070000000.00,10840000000.00,12960000.00,86.00,0.00,14.00,0.00,41000.00,27000.00,420.00,594000000.00,61740.00,60000.00,3977.00,0.00,52100000000.00,43070000000.00,9401000000.00,0.00,1841000000000.00,95580000.00,30023709.00,0.91
Vanuatu,Oceania,VU,Port-Vila,17 44 S,168 19 E,2700.00,4.50,63000000.00,58590000.00,0.00,37000.00,71.00,0.00,0.00,29.00,0.00,0.00,0.00,0.00,0.00,1100.00,0.00,1073.00,0.00,0.00,0.00,0.00,0.00,164800.00,288037.00,1.81
Venezuela,South America,VE,Caracas,10 29 N,66 52 W,12500.00,-2.00,109300000000.00,71960000000.00,0.00,31000000.00,51.00,0.00,49.00,0.00,1484000.00,1656000.00,0.00,302300000000.00,926300.00,659000.00,325800.00,20640.00,27070000000.00,24210000000.00,0.00,0.00,5739000000000.00,129900000.00,31689176.00,1.21
Vietnam,Asia,VN,Hanoi,21 02 N,105 51 E,6900.00,8.00,158200000000.00,143200000000.00,2733000000.00,40770000.00,56.00,0.00,43.00,1.00,242000.00,324600.00,0.00,4400000000.00,153800.00,438000.00,25620.00,282800.00,8098000000.00,8098000000.00,0.00,0.00,699400000000.00,235300000.00,97040334.00,0.90
Western Sahara,Afrca,EH,Laayoune,27 09 N,13 12 W,2500.00,unknown,0.00,0.00,0.00,58000.00,100.00,0.00,0.00,0.00,0.00,0.00,0.00,0.00,0.00,1700.00,0.00,1702.00,0.00,0.00,0.00,0.00,0.00,268400.00,619551.00,2.64
Yemen,Asia,YE,Sanaa,15 21 N,44 12 E,2500.00,8.90,4784000000.00,3681000000.00,0.00,1819000.00,79.00,0.00,0.00,21.00,61000.00,8990.00,0.00,3000000000.00,20180.00,104000.00,12670.00,75940.00,481400000.00,481400000.00,0.00,0.00,478500000000.00,13680000.00,28667230.00,2.17
Zambia,Africa,ZM,Lusaka,15 25 S,28 17 E,4000.00,4.70,11550000000.00,11040000000.00,2185000000.00,2573000.00,5.00,0.00,93.00,2.00,0.00,0.00,12860.00,0.00,13120.00,23000.00,371.00,10150.00,0.00,0.00,0.00,0.00,0.00,3777000.00,16445079.00,2.91
Zimbabwe,Africa,ZW,Harare,17 49 S,31 02 E,2300.00,0.30,6800000000.00,7118000000.00,2220000000.00,2122000.00,58.00,0.00,37.00,5.00,0.00,0.00,0.00,0.00,0.00,27000.00,0.00,26400.00,0.00,0.00,0.00,0.00,0.00,12060000.00,14030368.00,1.68
